<?xml version="1.0" encoding="UTF-8" standalone="yes"?>
<manifest>
  <control namespace="BeverControls" constructor="BvrScheduleBoardViewControl" version="0.0.2" display-name-key="BvrScheduleBoardViewControl" description-key="BvrScheduleBoardViewControl description" control-type="virtual" api-version="1.3.4">
    <data-set name="sampleDataSet" display-name-key="Record Parameters" cds-data-set-options="displayViewSelector:true"/>
    <resources>
      <code path="bundle.js" order="1"/>
      <css path="Styles/styles.css" order="1"/>
      <platform-library name="React" version="16.8.6"/>
      <platform-library name="Fluent" version="8.29.0"/>
    </resources>
    <built-by name="pac" version="1.17.5"/>
  </control>
</manifest>